{
	"mercury":{
		"mass":0.33e24,
		"density":5429,
		"color":[186,125,71],
		"position":[3.446368089632962e07, -5.265373901017199e07, -7.612893209049892e06],
		"velocity":[3.088457353159489e01,  2.926845255623352e01, -4.412682585863976e-01]
	},
	"venus":{
		"mass":4.87e24,
		"density":5243,
		"color":[189,189,22],
		"position":[-6.777610420819579e07, -8.436124558209643e07,  2.699450587664146e06],
		"velocity":[2.731307492362905e01, -2.176908890925689e01, -1.875042568207816e00]
	},
	"earth":{
		"mass":5.97e24,
		"density":5514,
		"color":[22,106,189],
		"position":[-2.779255047284979e07,  1.455308961614190e08,  8.814210802167654e03],
		"velocity":[-2.977734693025362e01, -5.542405659101232e00, -8.551711677950991e-05]
	},
	"mars":{
		"mass":0.642e24,
		"density":3934,
		"color":[189,61,22],
		"position":[-6.777610420819579e07, -8.436124558209643e07,  2.699450587664146e06],
		"velocity":[2.731307492362905e01, -2.176908890925689e01, -1.875042568207816e00]
	},
	"jupiter":{
		"mass":1898e24,
		"density":1326,
		"color":[255,86,114],
		"position":[-6.777610420819579e07, -8.436124558209643e07,  2.699450587664146e06],
		"velocity":[2.731307492362905e01, -2.176908890925689e01, -1.875042568207816e00]
	},
	"saturn":{
		"mass":568e24,
		"density":687,
		"color":[225,190,52],
		"position":[8.203515903205494e08, -1.247065425479232e09, -1.097619517676431e07],
		"velocity":[7.531925768776626e00,  5.285843754677155e00, -3.924010739117183e-01]
	},
	"uranus":{
		"mass":86.8e24,
		"density":1270,
		"color":[52,179,225],
		"position":[2.295337152343883e09,  1.865127568978773e09, -2.280932961710787e07],
		"velocity":[-4.344309294719951e00,  4.967783963505782e00,  7.467913435812190e-02]
	},
	"nepturne":{
		"mass":102e24,
		"density":1638,
		"color":[52,58,225],
		"position":[4.406236886270197e09, -7.817713304515282e08, -8.544717467575288e07],
		"velocity":[9.128317569628802e-01,  5.384083139759752e00, -1.312921917550081e-01]
	}
}